Simulation Number,Box Length,Simulation Time (seconds)
0,0.04,5.0735249519348145
1,0.08,36.356433153152466
2,0.12,169.68879008293152
